{
    "end_logits_accuracy": [
        0.6769237518310547
    ],
    "end_logits_loss": [
        1.1436229944229126
    ],
    "loss": [
        2.3958702087402344
    ],
    "start_logits_accuracy": [
        0.6389968395233154
    ],
    "start_logits_loss": [
        1.2522376775741577
    ]
}