{
    "end_logits_accuracy": [
        0.6319514513015747,
        0.7843086123466492
    ],
    "end_logits_loss": [
        1.2017964124679565,
        0.6766432523727417
    ],
    "loss": [
        2.4726405143737793,
        1.4081553220748901
    ],
    "start_logits_accuracy": [
        0.6133169531822205,
        0.7618088722229004
    ],
    "start_logits_loss": [
        1.2708408832550049,
        0.7315073013305664
    ]
}