{
    "end_logits_accuracy": [
        0.6272640228271484,
        0.7799669504165649
    ],
    "end_logits_loss": [
        1.2139182090759277,
        0.6835069060325623
    ],
    "loss": [
        2.4983115196228027,
        1.428865671157837
    ],
    "start_logits_accuracy": [
        0.6074845194816589,
        0.756022572517395
    ],
    "start_logits_loss": [
        1.284401774406433,
        0.7453522682189941
    ]
}