{
    "end_logits_accuracy": [
        0.6041354537010193,
        0.7330418229103088,
        0.8209595084190369
    ],
    "end_logits_loss": [
        1.336896300315857,
        0.8632714748382568,
        0.5613546371459961
    ],
    "loss": [
        2.7557404041290283,
        1.7968425750732422,
        1.1822105646133423
    ],
    "start_logits_accuracy": [
        0.5841723680496216,
        0.7112148404121399,
        0.7982528209686279
    ],
    "start_logits_loss": [
        1.418834924697876,
        0.933567225933075,
        0.6208555698394775
    ],
    "val_end_logits_accuracy": [
        0.6728140711784363,
        0.7129030227661133,
        0.7254593968391418
    ],
    "val_end_logits_loss": [
        1.0855575799942017,
        0.9507283568382263,
        0.9631717205047607
    ],
    "val_loss": [
        2.2393758296966553,
        1.9782419204711914,
        2.018329620361328
    ],
    "val_start_logits_accuracy": [
        0.6481590270996094,
        0.6894251704216003,
        0.698842465877533
    ],
    "val_start_logits_loss": [
        1.1538194417953491,
        1.0275107622146606,
        1.0551546812057495
    ]
}