{
    "end_logits_accuracy": [
        0.6760321855545044
    ],
    "end_logits_loss": [
        1.1505409479141235
    ],
    "loss": [
        2.402895927429199
    ],
    "start_logits_accuracy": [
        0.6397626996040344
    ],
    "start_logits_loss": [
        1.2523634433746338
    ]
}