{
    "end_logits_accuracy": [
        0.6687066555023193,
        0.7921078205108643
    ],
    "end_logits_loss": [
        1.1918504238128662,
        0.6904633045196533
    ],
    "loss": [
        2.4748663902282715,
        1.4500700235366821
    ],
    "start_logits_accuracy": [
        0.6344021558761597,
        0.7580410838127136
    ],
    "start_logits_loss": [
        1.283016562461853,
        0.7595989108085632
    ],
    "val_end_logits_accuracy": [
        0.7227644324302673,
        0.72685307264328
    ],
    "val_end_logits_loss": [
        0.9430103302001953,
        0.9981099963188171
    ],
    "val_loss": [
        2.0217599868774414,
        2.174888849258423
    ],
    "val_start_logits_accuracy": [
        0.6760749220848083,
        0.6746240854263306
    ],
    "val_start_logits_loss": [
        1.0787478685379028,
        1.176780343055725
    ]
}