{
    "end_logits_accuracy": [
        0.7094428539276123,
        0.7856922149658203
    ],
    "end_logits_loss": [
        1.0163424015045166,
        0.7008563280105591
    ],
    "loss": [
        2.1428401470184326,
        1.4976716041564941
    ],
    "start_logits_accuracy": [
        0.6728902459144592,
        0.7491853833198547
    ],
    "start_logits_loss": [
        1.1265008449554443,
        0.7968166470527649
    ]
}