{
    "accuracy": {
        "end_accuracy": 0.7712684666327051,
        "full_accuracy": 0.717099677364578,
        "start_accuracy": 0.7627780607913058
    },
    "exact_match": {
        "01_best_normalized": 0.668859649122807,
        "01_best_standard": 0.6371457489878543,
        "02_best_normalized": 0.7746288798920378,
        "02_best_standard": 0.7373481781376519,
        "03_best_normalized": 0.7781713900134952,
        "03_best_standard": 0.7407219973009447,
        "05_best_normalized": 0.7786774628879892,
        "05_best_standard": 0.7412280701754386
    },
    "f1": {
        "01_best_normalized": 0.7297645226220814,
        "01_best_standard": 0.7208542850988866,
        "02_best_normalized": 0.8562420371723362,
        "02_best_standard": 0.8454984193879396,
        "03_best_normalized": 0.8614366373994387,
        "03_best_standard": 0.8504414137254432,
        "05_best_normalized": 0.8626842660762172,
        "05_best_standard": 0.8515365783155912
    },
    "metric_stats": {
        "count_of_bad_no_answer_predictions": 840,
        "count_of_bad_predictions": 3239,
        "count_of_good_no_answer_predictions": 4673,
        "count_of_good_predictions": 8539,
        "count_of_no_answer_predictions": 5513,
        "count_of_start_after_end_predictions": 211,
        "total_predictions": 11778
    },
    "precision": {
        "01_best_normalized": 0.7340555764325398,
        "01_best_standard": 0.7254582013055041,
        "02_best_normalized": 0.8621031364979503,
        "02_best_standard": 0.8517880673033174,
        "03_best_normalized": 0.867377091450109,
        "03_best_standard": 0.8567680678686574,
        "05_best_normalized": 0.8687656517202481,
        "05_best_standard": 0.8579255779909821
    },
    "recall": {
        "01_best_normalized": 0.7474368196281153,
        "01_best_standard": 0.7409025295225489,
        "02_best_normalized": 0.8817240926540527,
        "02_best_standard": 0.8739612231145141,
        "03_best_normalized": 0.8873352782091238,
        "03_best_standard": 0.8792322130894517,
        "05_best_normalized": 0.8887881766495569,
        "05_best_standard": 0.8804673656074987
    }
}