{
    "end_logits_accuracy": [
        0.6463958621025085,
        0.7661829590797424,
        0.841088056564331
    ],
    "end_logits_loss": [
        1.1778254508972168,
        0.7490036487579346,
        0.49519383907318115
    ],
    "loss": [
        2.446232795715332,
        1.5686285495758057,
        1.0496495962142944
    ],
    "start_logits_accuracy": [
        0.6242727041244507,
        0.7417343258857727,
        0.8175626397132874
    ],
    "start_logits_loss": [
        1.2684142589569092,
        0.8196257948875427,
        0.5544549822807312
    ],
    "val_end_logits_accuracy": [
        0.7017199397087097,
        0.7360538840293884,
        0.7456673979759216
    ],
    "val_end_logits_loss": [
        0.9935590028762817,
        0.8697082996368408,
        0.9076504111289978
    ],
    "val_loss": [
        2.062258720397949,
        1.8232722282409668,
        1.9125488996505737
    ],
    "val_start_logits_accuracy": [
        0.6760185956954956,
        0.7088483572006226,
        0.7165653109550476
    ],
    "val_start_logits_loss": [
        1.0687007904052734,
        0.9535666704177856,
        1.0048987865447998
    ]
}