{
    "end_logits_accuracy": [
        0.6320667266845703,
        0.785153865814209
    ],
    "end_logits_loss": [
        1.2134370803833008,
        0.6804206967353821
    ],
    "loss": [
        2.4829466342926025,
        1.4139446020126343
    ],
    "start_logits_accuracy": [
        0.6127790212631226,
        0.7621777653694153
    ],
    "start_logits_loss": [
        1.2694981098175049,
        0.7335297465324402
    ]
}