{
    "end_logits_accuracy": [
        0.68223637342453,
        0.7883523106575012
    ],
    "end_logits_loss": [
        1.037011742591858,
        0.6730152368545532
    ],
    "loss": [
        2.146529197692871,
        1.4088109731674194
    ],
    "start_logits_accuracy": [
        0.6596465706825256,
        0.7643252015113831
    ],
    "start_logits_loss": [
        1.1095119714736938,
        0.7357987761497498
    ]
}