{
    "end_logits_accuracy": [
        0.5540149211883545,
        0.7403749227523804
    ],
    "end_logits_loss": [
        1.4181625843048096,
        1.0665912628173828
    ],
    "loss": [
        2.9069645404815674,
        2.1982150077819824
    ],
    "start_logits_accuracy": [
        0.6135138869285583,
        0.7419198751449585
    ],
    "start_logits_loss": [
        1.4888057708740234,
        1.131622076034546
    ]
}