{
    "end_logits_accuracy": [
        0.5908916592597961,
        0.7333071827888489,
        0.8314611911773682
    ],
    "end_logits_loss": [
        1.3672689199447632,
        0.8566235899925232,
        0.518740713596344
    ],
    "loss": [
        2.7967121601104736,
        1.768467664718628,
        1.0812417268753052
    ],
    "start_logits_accuracy": [
        0.5731365084648132,
        0.7129397392272949,
        0.8116335868835449
    ],
    "start_logits_loss": [
        1.4294410943984985,
        0.9118507504463196,
        0.5624980330467224
    ],
    "val_end_logits_accuracy": [
        0.6846027970314026,
        0.7148741483688354,
        0.7237005829811096
    ],
    "val_end_logits_loss": [
        1.0411149263381958,
        0.975490927696228,
        1.0862362384796143
    ],
    "val_loss": [
        2.1506152153015137,
        2.060314655303955,
        2.290928602218628
    ],
    "val_start_logits_accuracy": [
        0.6628963947296143,
        0.6883295178413391,
        0.694409966468811
    ],
    "val_start_logits_loss": [
        1.1094977855682373,
        1.084821343421936,
        1.2046924829483032
    ]
}