{
    "end_logits_accuracy": [
        0.7016724944114685,
        0.7698104977607727,
        0.8228762149810791
    ],
    "end_logits_loss": [
        1.050112009048462,
        0.7742219567298889,
        0.5692238807678223
    ],
    "loss": [
        2.220959186553955,
        1.656540870666504,
        1.2230290174484253
    ],
    "start_logits_accuracy": [
        0.6665331125259399,
        0.7320422530174255,
        0.7894144058227539
    ],
    "start_logits_loss": [
        1.1708464622497559,
        0.8823212385177612,
        0.653802216053009
    ],
    "val_end_logits_accuracy": [
        0.6941036581993103,
        0.7378973960876465,
        0.7375016212463379
    ],
    "val_end_logits_loss": [
        1.0651330947875977,
        0.8995640277862549,
        0.9417027831077576
    ],
    "val_loss": [
        2.275681972503662,
        1.939046025276184,
        2.0311520099639893
    ],
    "val_start_logits_accuracy": [
        0.6462208032608032,
        0.6868487000465393,
        0.6914654970169067
    ],
    "val_start_logits_loss": [
        1.2105568647384644,
        1.0394827127456665,
        1.089458703994751
    ]
}