{
    "end_logits_accuracy": [
        0.7105633020401001,
        0.7866183519363403
    ],
    "end_logits_loss": [
        1.0053555965423584,
        0.7032572627067566
    ],
    "loss": [
        2.129328727722168,
        1.5087928771972656
    ],
    "start_logits_accuracy": [
        0.6726616024971008,
        0.7475847005844116
    ],
    "start_logits_loss": [
        1.1239721775054932,
        0.8055391907691956
    ]
}