{
    "end_logits_accuracy": [
        0.6676402688026428,
        0.7569310665130615
    ],
    "end_logits_loss": [
        1.0857255458831787,
        0.7762995362281799
    ],
    "loss": [
        2.246107339859009,
        1.6180833578109741
    ],
    "start_logits_accuracy": [
        0.6445739269256592,
        0.7327117919921875
    ],
    "start_logits_loss": [
        1.1603765487670898,
        0.8417868614196777
    ]
}