{
    "end_logits_accuracy": [
        0.6733748912811279
    ],
    "end_logits_loss": [
        1.1693629026412964
    ],
    "loss": [
        2.4327869415283203
    ],
    "start_logits_accuracy": [
        0.6361918449401855
    ],
    "start_logits_loss": [
        1.2634172439575195
    ],
    "val_end_logits_accuracy": [
        0.741229236125946
    ],
    "val_end_logits_loss": [
        0.906991183757782
    ],
    "val_loss": [
        1.9421944618225098
    ],
    "val_start_logits_accuracy": [
        0.6809548735618591
    ],
    "val_start_logits_loss": [
        1.035197377204895
    ]
}