{
    "end_logits_accuracy": [
        0.6710221767425537,
        0.7791903614997864
    ],
    "end_logits_loss": [
        1.076722502708435,
        0.6995574831962585
    ],
    "loss": [
        2.235492467880249,
        1.4634126424789429
    ],
    "start_logits_accuracy": [
        0.6454424858093262,
        0.7550402283668518
    ],
    "start_logits_loss": [
        1.1587671041488647,
        0.7638493776321411
    ]
}