{
    "accuracy": {
        "end_accuracy": 0.7471342447142736,
        "full_accuracy": 0.6922815657637769,
        "start_accuracy": 0.7382185616031247
    },
    "exact_match": {
        "01_best_normalized": 0.8255073448246583,
        "01_best_standard": 0.8118366307208966,
        "02_best_normalized": 0.8066570433896578,
        "02_best_standard": 0.792137216608644,
        "03_best_normalized": 0.805977753247856,
        "03_best_standard": 0.7912031926636665,
        "05_best_normalized": 0.805977753247856,
        "05_best_standard": 0.7912031926636665
    },
    "f1": {
        "01_best_normalized": 0.7169572397926078,
        "01_best_standard": 0.9060599242698203,
        "02_best_normalized": 0.7009443099869576,
        "02_best_standard": 0.6934662576694405,
        "03_best_normalized": 0.7008685082002746,
        "03_best_standard": 0.6932981172758903,
        "05_best_normalized": 0.7010171632257011,
        "05_best_standard": 0.693423242206914
    },
    "metric_stats": {
        "count_of_bad_no_answer_predictions": 809,
        "count_of_bad_predictions": 3525,
        "count_of_good_no_answer_predictions": 4317,
        "count_of_good_predictions": 8252,
        "count_of_no_answer_predictions": 5126,
        "count_of_start_after_end_predictions": 241,
        "total_predictions": 11777
    },
    "precision": {
        "01_best_normalized": 0.7206389689443798,
        "01_best_standard": 0.9103917474777112,
        "02_best_normalized": 0.7047642854108802,
        "02_best_standard": 0.6969154136049831,
        "03_best_normalized": 0.7048899683075632,
        "03_best_standard": 0.6968299309147163,
        "05_best_normalized": 0.7050857023591064,
        "05_best_standard": 0.6970099793755243
    },
    "recall": {
        "01_best_normalized": 0.7349800870578077,
        "01_best_standard": 0.9322935440803871,
        "02_best_normalized": 0.7191603191755097,
        "02_best_standard": 0.7142452952573489,
        "03_best_normalized": 0.7189764410073307,
        "03_best_standard": 0.7140453603991307,
        "05_best_normalized": 0.7191335454458263,
        "05_best_standard": 0.7141578334554564
    }
}