{
    "end_logits_accuracy": [
        0.6239550709724426,
        0.7811389565467834,
        0.8657872080802917
    ],
    "end_logits_loss": [
        1.2451504468917847,
        0.690319836139679,
        0.407792866230011
    ],
    "loss": [
        2.554640769958496,
        1.4380050897598267,
        0.8588810563087463
    ],
    "start_logits_accuracy": [
        0.6050679087638855,
        0.7585945725440979,
        0.8462904691696167
    ],
    "start_logits_loss": [
        1.309485673904419,
        0.7476834654808044,
        0.45108839869499207
    ],
    "val_end_logits_accuracy": [
        0.7197123169898987,
        0.7418110370635986,
        0.7435763478279114
    ],
    "val_end_logits_loss": [
        0.909841001033783,
        0.9023405313491821,
        1.0376962423324585
    ],
    "val_loss": [
        1.8958731889724731,
        1.8871276378631592,
        2.157661199569702
    ],
    "val_start_logits_accuracy": [
        0.693233072757721,
        0.7142203450202942,
        0.7177509069442749
    ],
    "val_start_logits_loss": [
        0.9860316514968872,
        0.9847869277000427,
        1.1199644804000854
    ]
}