{
    "end_logits_accuracy": [
        0.6422791481018066,
        0.790333092212677
    ],
    "end_logits_loss": [
        1.1928373575210571,
        0.6702402234077454
    ],
    "loss": [
        2.443748950958252,
        1.3910547494888306
    ],
    "start_logits_accuracy": [
        0.621277928352356,
        0.7674645781517029
    ],
    "start_logits_loss": [
        1.2509039640426636,
        0.7208085060119629
    ]
}