{
    "end_logits_accuracy": [
        0.7111464142799377,
        0.7775973677635193
    ],
    "end_logits_loss": [
        1.0044171810150146,
        0.7599291801452637
    ],
    "loss": [
        2.121594190597534,
        1.6061439514160156
    ],
    "start_logits_accuracy": [
        0.6760572791099548,
        0.7437316179275513
    ],
    "start_logits_loss": [
        1.1171735525131226,
        0.8462170958518982
    ]
}