{
    "end_logits_accuracy": [
        0.4048454761505127,
        0.756708562374115
    ],
    "end_logits_loss": [
        3.2364234924316406,
        0.8269613981246948
    ],
    "loss": [
        6.533747673034668,
        1.7482272386550903
    ],
    "start_logits_accuracy": [
        0.38472267985343933,
        0.7211392521858215
    ],
    "start_logits_loss": [
        3.297321319580078,
        0.921272337436676
    ]
}