{
    "end_logits_accuracy": [
        0.6717571020126343
    ],
    "end_logits_loss": [
        1.181369662284851
    ],
    "loss": [
        2.4519550800323486
    ],
    "start_logits_accuracy": [
        0.6362192034721375
    ],
    "start_logits_loss": [
        1.2705934047698975
    ]
}