{
    "accuracy": {
        "end_accuracy": 0.8489632870458437,
        "full_accuracy": 0.7419630968232832,
        "start_accuracy": 0.8230930188320335
    },
    "exact_match": {
        "01_best_normalized": 0.7784295175023652,
        "01_best_standard": 0.7392620624408703,
        "02_best_normalized": 0.7867549668874172,
        "02_best_standard": 0.7467360454115421,
        "03_best_normalized": 0.7871333964049196,
        "03_best_standard": 0.7471144749290445,
        "05_best_normalized": 0.7871333964049196,
        "05_best_standard": 0.7471144749290445
    },
    "f1": {
        "01_best_normalized": 0.8612229582324442,
        "01_best_standard": 0.8495080841817507,
        "02_best_normalized": 0.8721390340716753,
        "02_best_standard": 0.8601548833785848,
        "03_best_normalized": 0.8725022970538931,
        "03_best_standard": 0.8605418799218926,
        "05_best_normalized": 0.8725042557988076,
        "05_best_standard": 0.8605457947100047
    },
    "metric_stats": {
        "count_of_bad_no_answer_predictions": 0,
        "count_of_bad_predictions": 2501,
        "count_of_good_no_answer_predictions": 0,
        "count_of_good_predictions": 8013,
        "count_of_no_answer_predictions": 0,
        "count_of_start_after_end_predictions": 173,
        "total_predictions": 10514
    },
    "precision": {
        "01_best_normalized": 0.8678079699834371,
        "01_best_standard": 0.8576463494128734,
        "02_best_normalized": 0.8790820467423771,
        "02_best_standard": 0.8685655175801008,
        "03_best_normalized": 0.8797107353038948,
        "03_best_standard": 0.869166499694801,
        "05_best_normalized": 0.8796701892841623,
        "05_best_standard": 0.869141721571631
    },
    "recall": {
        "01_best_normalized": 0.8852935519295392,
        "01_best_standard": 0.8755536736642597,
        "02_best_normalized": 0.8971772032426224,
        "02_best_standard": 0.8872636305054843,
        "03_best_normalized": 0.8973601108427485,
        "03_best_standard": 0.8874376507457297,
        "05_best_normalized": 0.8973128071530607,
        "05_best_standard": 0.8873903470560419
    }
}