{
    "accuracy": {
        "end_accuracy": 0.7852776362710138,
        "full_accuracy": 0.7316182713533707,
        "start_accuracy": 0.7741552046187807
    },
    "exact_match": {
        "01_best_normalized": 0.8611818644931227,
        "01_best_standard": 0.84836135167261,
        "02_best_normalized": 0.8455595177449482,
        "02_best_standard": 0.8320597724571235,
        "03_best_normalized": 0.8453048055697062,
        "03_best_standard": 0.8318050602818815,
        "05_best_normalized": 0.8453048055697062,
        "05_best_standard": 0.8318050602818815
    },
    "f1": {
        "01_best_normalized": 0.7724964384412933,
        "01_best_standard": 0.9042478803497955,
        "02_best_normalized": 0.7564737650720074,
        "02_best_standard": 0.7492798297360019,
        "03_best_normalized": 0.7565008567939799,
        "03_best_standard": 0.749329276282637,
        "05_best_normalized": 0.7564780912923915,
        "05_best_standard": 0.7492889714643912
    },
    "metric_stats": {
        "count_of_bad_no_answer_predictions": 874,
        "count_of_bad_predictions": 3063,
        "count_of_good_no_answer_predictions": 4836,
        "count_of_good_predictions": 8715,
        "count_of_no_answer_predictions": 5710,
        "count_of_start_after_end_predictions": 237,
        "total_predictions": 11778
    },
    "precision": {
        "01_best_normalized": 0.78001465801879,
        "01_best_standard": 0.9135024818236375,
        "02_best_normalized": 0.7641406437030884,
        "02_best_standard": 0.7572456084403889,
        "03_best_normalized": 0.7640745566428379,
        "03_best_standard": 0.7572081125866685,
        "05_best_normalized": 0.7642066855277307,
        "05_best_standard": 0.7572525267916542
    },
    "recall": {
        "01_best_normalized": 0.7877193831901399,
        "01_best_standard": 0.9248759907263242,
        "02_best_normalized": 0.7714041927676437,
        "02_best_standard": 0.7665561606580144,
        "03_best_normalized": 0.7716342410902095,
        "03_best_standard": 0.7667967827420954,
        "05_best_normalized": 0.7714984494032336,
        "05_best_standard": 0.7666469354243624
    }
}