{
    "accuracy": {
        "end_accuracy": 0.7852776362710138,
        "full_accuracy": 0.7316182713533707,
        "start_accuracy": 0.7741552046187807
    },
    "exact_match": {
        "01_best_normalized": 0.7630327729665478,
        "01_best_standard": 0.7500424520292069,
        "02_best_normalized": 0.7628629648497198,
        "02_best_standard": 0.7491934114450671,
        "03_best_normalized": 0.7628629648497198,
        "03_best_standard": 0.7491934114450671,
        "05_best_normalized": 0.7627780607913058,
        "05_best_standard": 0.7491085073866531
    },
    "f1": {
        "01_best_normalized": 0.36611267782130236,
        "01_best_standard": 0.7262269613689959,
        "02_best_normalized": 0.37740192253040544,
        "02_best_standard": 0.3738128951883807,
        "03_best_normalized": 0.37760812846763525,
        "03_best_standard": 0.3740284271748704,
        "05_best_normalized": 0.3775967650456758,
        "05_best_standard": 0.3740083089861739
    },
    "metric_stats": {
        "count_of_bad_no_answer_predictions": 874,
        "count_of_bad_predictions": 3063,
        "count_of_good_no_answer_predictions": 4836,
        "count_of_good_predictions": 8715,
        "count_of_no_answer_predictions": 5710,
        "count_of_start_after_end_predictions": 237,
        "total_predictions": 11778
    },
    "precision": {
        "01_best_normalized": 0.3696758211123184,
        "01_best_standard": 0.7336595926784875,
        "02_best_normalized": 0.38122689950750105,
        "02_best_standard": 0.37778699229034857,
        "03_best_normalized": 0.3813885480135204,
        "03_best_standard": 0.3779611558751082,
        "05_best_normalized": 0.38145450027318123,
        "05_best_standard": 0.3779833252681385
    },
    "recall": {
        "01_best_normalized": 0.37332735583013765,
        "01_best_standard": 0.7427939782711926,
        "02_best_normalized": 0.38485065687745584,
        "02_best_standard": 0.3824319918514597,
        "03_best_normalized": 0.3851619717583072,
        "03_best_standard": 0.3827473497827117,
        "05_best_normalized": 0.38509419120747246,
        "05_best_standard": 0.38267255335029937
    }
}