{
    "end_logits_accuracy": [
        0.6765059232711792,
        0.7841776013374329,
        0.8546406030654907
    ],
    "end_logits_loss": [
        1.0594723224639893,
        0.6896519064903259,
        0.4562673270702362
    ],
    "loss": [
        2.191067695617676,
        1.4420828819274902,
        0.963775098323822
    ],
    "start_logits_accuracy": [
        0.654086709022522,
        0.7598944306373596,
        0.8321342468261719
    ],
    "start_logits_loss": [
        1.1315914392471313,
        0.7524328231811523,
        0.5075069665908813
    ],
    "val_end_logits_accuracy": [
        0.7312798500061035,
        0.7444248199462891,
        0.7602511048316956
    ],
    "val_end_logits_loss": [
        0.8819239139556885,
        0.8543794751167297,
        0.8656426072120667
    ],
    "val_loss": [
        1.840490698814392,
        1.786253571510315,
        1.8201135396957397
    ],
    "val_start_logits_accuracy": [
        0.7002158164978027,
        0.7214701175689697,
        0.7296448945999146
    ],
    "val_start_logits_loss": [
        0.9585686326026917,
        0.9318743348121643,
        0.9544734954833984
    ]
}